country_iso,region_iso,name,comment
AD,,Andorra,
AE,,United Arab Emirates,
AF,,Afghanistan,
AG,,Antigua and Barbuda,
AI,,Anguilla,
AL,,Albania,
AM,,Armenia,
AN,,Netherlands Antilles,
AO,,Angola,
AR,,Argentina,
AS,,American Samoa,
AT,,Austria,
AU,,Australia,
AW,,Aruba,
AX,,Aland Islands,
AZ,,Azerbaijan,
BA,,Bosnia and Herzegovina,
BB,,Barbados,
BD,,Bangladesh,
BE,,Belgium,
BF,,Burkina Faso,
BG,,Bulgaria,
BH,,Bahrain,
BI,,Burundi,
BJ,,Benin,
BL,,Saint Barthelemy,
BM,,Bermuda,
BN,,Brunei,
BO,,Bolivia,
BQ,,Caribbean Netherlands,
BR,,Brazil,
BS,,Bahamas,
BT,,Bhutan,
BW,,Botswana,
BY,,Belarus,
BZ,,Belize,
CA,,Canada,
CC,,Cocos Islands,
CD,,Congo (Kinshasa),
CF,,Central African Republic,
CG,,Congo (Brazzaville),
CH,,Switzerland,
CI,,Cote d'Ivoire,
CK,,Cook Islands,
CL,,Chile,
CM,,Cameroon,
CN,,China,
CO,,Colombia,
CR,,Costa Rica,
CS,,Serbia and Montenegro,
CU,,Cuba,
CV,,Cabo Verde,
CW,,Curacao,
CX,,Christmas Island,
CY,,Cyprus,
CZ,,Czechia,
DE,,Germany,
DJ,,Djibouti,
DK,,Denmark,
DM,,Dominica,
DO,,Dominican Republic,
DZ,,Algeria,
EC,,Ecuador,
EE,,Estonia,
EG,,Egypt,
EH,,Western Sahara,
ER,,Eritrea,
ES,,Spain,
ET,,Ethiopia,
FI,,Finland,
FJ,,Fiji,
FK,,Falkland Islands,
FM,,Micronesia,
FO,,Faroe Islands,
FR,,France,
GA,,Gabon,
GB,,United Kingdom,
GD,,Grenada,
GE,,Georgia,
GF,,French Guiana,
GG,,Guernsey,
GH,,Ghana,
GI,,Gibraltar,
GL,,Greenland,
GM,,Gambia,
GN,,Guinea,
GP,,Guadeloupe,
GQ,,Equatorial Guinea,
GR,,Greece,
GS,,South Georgia and the South Sandwich Islands,
GT,,Guatemala,
GU,,Guam,
GW,,Guinea-Bissau,
GY,,Guyana,
HK,,Hong Kong,
HM,,Heard Island and McDonald Islands,
HN,,Honduras,
HR,,Croatia,
HT,,Haiti,
HU,,Hungary,
ID,,Indonesia,
IE,,Ireland,
IL,,Israel,
IM,,Isle of Man,
IN,,India,
IO,,British Indian Ocean Territory,
IQ,,Iraq,
IR,,Iran,
IS,,Iceland,
IT,,Italy,
JE,,Jersey,
JM,,Jamaica,
JO,,Jordan,
JP,,Japan,
KE,,Kenya,
KG,,Kyrgyzstan,
KH,,Cambodia,
KI,,Kiribati,
KM,,Comoros,
KN,,Saint Kitts and Nevis,
KP,,"Korea, North",
KR,,"Korea, South",
KW,,Kuwait,
KY,,Cayman Islands,
KZ,,Kazakhstan,
LA,,Laos,
LB,,Lebanon,
LC,,Saint Lucia,
LI,,Liechtenstein,
LK,,Sri Lanka,
LR,,Liberia,
LS,,Lesotho,
LT,,Lithuania,
LU,,Luxembourg,
LV,,Latvia,
LY,,Libya,
MA,,Morocco,
MC,,Monaco,
MD,,Moldova,
ME,,Montenegro,
MF,,Saint Martin (French part),
MG,,Madagascar,
MH,,Marshall Islands,
MK,,North Macedonia,
ML,,Mali,
MM,,Burma,
MN,,Mongolia,
MO,,Macao,
MP,,Northern Mariana Islands,
MQ,,Martinique,
MR,,Mauritania,
MS,,Montserrat,
MT,,Malta,
MU,,Mauritius,
MV,,Maldives,
MW,,Malawi,
MX,,Mexico,
MY,,Malaysia,
MZ,,Mozambique,
NA,,Namibia,
NC,,New Caledonia,
NE,,Niger,
NF,,Norfolk Island,
NG,,Nigeria,
NI,,Nicaragua,
NL,,Netherlands,
NO,,Norway,
NP,,Nepal,
NR,,Nauru,
NU,,Niue,
NZ,,New Zealand,
OM,,Oman,
PA,,Panama,
PE,,Peru,
PF,,French Polynesia,
PG,,Papua New Guinea,
PH,,Philippines,
PK,,Pakistan,
PL,,Poland,
PM,,Saint Pierre and Miquelon,
PN,,Pitcairn,
PR,,Puerto Rico,
PS,,West Bank and Gaza,
PT,,Portugal,
PW,,Palau,
PY,,Paraguay,
QA,,Qatar,
RE,,Reunion,
RO,,Romania,
RS,,Serbia,
RU,,Russia,
RW,,Rwanda,
SA,,Saudi Arabia,
SB,,Solomon Islands,
SC,,Seychelles,
SD,,Sudan,
SE,,Sweden,
SG,,Singapore,
SH,,"Saint Helena, Ascension and Tristan da Cunha",
SI,,Slovenia,
SJ,,Svalbard and Jan Mayen,
SK,,Slovakia,
SL,,Sierra Leone,
SM,,San Marino,
SN,,Senegal,
SO,,Somalia,
SR,,Suriname,
SS,,South Sudan ,
ST,,Sao Tome and Principe,
SV,,El Salvador,
SX,,Sint Maarten (Dutch part),
SY,,Syria,
SZ,,Eswatini,
TC,,Turks and Caicos Islands,
TD,,Chad,
TF,,French Southern Territories,
TG,,Togo,
TH,,Thailand,
TJ,,Tajikistan,
TK,,Tokelau,
TL,,East Timor,
TM,,Turkmenistan,
TN,,Tunisia,
TO,,Tonga,
TR,,Turkey,
TT,,Trinidad and Tobago,
TV,,Tuvalu,
TW,,Taiwan*,
TZ,,Tanzania,
UA,,Ukraine,
UG,,Uganda,
UM,,United States Minor Outlying Islands,
US,,US,
UY,,Uruguay,
UZ,,Uzbekistan,
VA,,Holy See,
VC,,Saint Vincent and the Grenadines,
VE,,Venezuela,
VG,,Virgin Islands (British),
VI,,Virgin Islands (U.S.),
VN,,Vietnam,
VU,,Vanuatu,
WF,,Wallis and Futuna,
WS,,Samoa,
XK,,Kosovo,
YE,,Yemen,
YT,,Mayotte,
ZA,,South Africa,
ZM,,Zambia,
ZW,,Zimbabwe,
US,US-AL,Alabama,
US,US-AK,Alaska,
US,US-AZ,Arizona,
US,US-AR,Arkansas,
US,US-CA,California,
US,US-CO,Colorado,
US,US-CT,Connecticut,
US,US-DE,Delaware,
US,US-FL,Florida,
US,US-GA,Georgia,
US,US-HI,Hawaii,
US,US-ID,Idaho,
US,US-IL,Illinois,
US,US-IN,Indiana,
US,US-IA,Iowa,
US,US-KS,Kansas,
US,US-KY,Kentucky,
US,US-LA,Louisiana,
US,US-ME,Maine,
US,US-MD,Maryland,
US,US-MA,Massachusetts,
US,US-MI,Michigan,
US,US-MN,Minnesota,
US,US-MS,Mississippi,
US,US-MO,Missouri,
US,US-MT,Montana,
US,US-NE,Nebraska,
US,US-NV,Nevada,
US,US-NH,New Hampshire,
US,US-NJ,New Jersey,
US,US-NM,New Mexico,
US,US-NY,New York,
US,US-NC,North Carolina,
US,US-ND,North Dakota,
US,US-OH,Ohio,
US,US-OK,Oklahoma,
US,US-OR,Oregon,
US,US-PA,Pennsylvania,
US,US-RI,Rhode Island,
US,US-SC,South Carolina,
US,US-SD,South Dakota,
US,US-TN,Tennessee,
US,US-TX,Texas,
US,US-UT,Utah,
US,US-VT,Vermont,
US,US-VA,Virginia,
US,US-WA,Washington,
US,US-WV,West Virginia,
US,US-WI,Wisconsin,
US,US-WY,Wyoming,
US,US-DC,District of Columbia,
US,US-AS,American Samoa,
US,US-GU,Guam,
US,US-MP,Northern Mariana Islands,
US,US-PR,Puerto Rico,
US,US-UM,United States Minor Outlying Islands,
US,US-VI,Virgin Islands,
CA,CA-BC,British Columbia,
CA,CA-NB,New Brunswick,
CA,CA-NL,Newfoundland and Labrador,
CA,CA-NS,Nova Scotia,
CA,CA-PE,Prince Edward Island,
CA,CA-QC,Quebec,
CN,CN-XZ,Tibet,
DK,FO-FO,Faroe Islands,
DK,GL-GL,Greenland,
FR,GF-GF,French Guiana,
FR,PF-PF,French Polynesia,
FR,NC-NC,New Caledonia,
FR,RE-RE,Reunion,
FR,FR-BL,Saint Barthelemy,
FR,FR-MF,St Martin,
FR,FR-PM,Saint Pierre and Miquelon,
FR,FR-WF,Wallis and Futuna,
NL,NL-BQ,"Bonaire, Sint Eustatius and Saba",
NL,AW-AW,Aruba,
NL,NL-CW,Curacao,
NL,NL-SX,Sint Maarten,
GB,BM-BM,Bermuda,
GB,KY-KY,Cayman Islands,
GB,GI-GI,Gibraltar,
GB,MS-MS,Montserrat,
CA,CA-NT,Northwest Territories,
CA,CA-YT,Yukon,
GB,AI-AI,Anguilla,
GB,VG-VG,British Virgin Islands,
GB,TC-TC,Turks and Caicos Islands,
GB,FK-FK,Falkland Islands (Malvinas),
